Artist,Name,Age ,Death,Date,Position,Track Name,Streams,ID
Chuck Berry,Chuck Berry,90,3/18/2017,12/26/2017,190,Run Rudolph Run - Single Version,172290,2pnPe4pJtq7689i5ydzvJJ
Chuck Berry,Chuck Berry,90,3/18/2017,12/25/2017,18,Run Rudolph Run - Single Version,867729,2pnPe4pJtq7689i5ydzvJJ
Chuck Berry,Chuck Berry,90,3/18/2017,12/24/2017,37,Run Rudolph Run - Single Version,572110,2pnPe4pJtq7689i5ydzvJJ
Chuck Berry,Chuck Berry,90,3/18/2017,12/23/2017,69,Run Rudolph Run - Single Version,426932,2pnPe4pJtq7689i5ydzvJJ
Chuck Berry,Chuck Berry,90,3/18/2017,12/22/2017,84,Run Rudolph Run - Single Version,391994,2pnPe4pJtq7689i5ydzvJJ
Chuck Berry,Chuck Berry,90,3/18/2017,12/21/2017,83,Run Rudolph Run - Single Version,336366,2pnPe4pJtq7689i5ydzvJJ
Chuck Berry,Chuck Berry,90,3/18/2017,12/20/2017,92,Run Rudolph Run - Single Version,308561,2pnPe4pJtq7689i5ydzvJJ
Chuck Berry,Chuck Berry,90,3/18/2017,12/19/2017,94,Run Rudolph Run - Single Version,300826,2pnPe4pJtq7689i5ydzvJJ
Chuck Berry,Chuck Berry,90,3/18/2017,12/18/2017,108,Run Rudolph Run - Single Version,280323,2pnPe4pJtq7689i5ydzvJJ
Chuck Berry,Chuck Berry,90,3/18/2017,12/17/2017,96,Run Rudolph Run - Single Version,277928,2pnPe4pJtq7689i5ydzvJJ
Chuck Berry,Chuck Berry,90,3/18/2017,12/16/2017,117,Run Rudolph Run - Single Version,291421,2pnPe4pJtq7689i5ydzvJJ
Chuck Berry,Chuck Berry,90,3/18/2017,12/15/2017,140,Run Rudolph Run - Single Version,271120,2pnPe4pJtq7689i5ydzvJJ
Chuck Berry,Chuck Berry,90,3/18/2017,12/14/2017,130,Run Rudolph Run - Single Version,259777,2pnPe4pJtq7689i5ydzvJJ
Chuck Berry,Chuck Berry,90,3/18/2017,12/13/2017,126,Run Rudolph Run - Single Version,259666,2pnPe4pJtq7689i5ydzvJJ
Chuck Berry,Chuck Berry,90,3/18/2017,12/12/2017,133,Run Rudolph Run - Single Version,253701,2pnPe4pJtq7689i5ydzvJJ
Chuck Berry,Chuck Berry,90,3/18/2017,12/11/2017,111,Run Rudolph Run - Single Version,268592,2pnPe4pJtq7689i5ydzvJJ
Chuck Berry,Chuck Berry,90,3/18/2017,12/10/2017,87,Run Rudolph Run - Single Version,288871,2pnPe4pJtq7689i5ydzvJJ
Chuck Berry,Chuck Berry,90,3/18/2017,12/9/2017,83,Run Rudolph Run - Single Version,329041,2pnPe4pJtq7689i5ydzvJJ
Chuck Berry,Chuck Berry,90,3/18/2017,12/8/2017,135,Run Rudolph Run - Single Version,268819,2pnPe4pJtq7689i5ydzvJJ
Chuck Berry,Chuck Berry,90,3/18/2017,12/7/2017,144,Run Rudolph Run - Single Version,249536,2pnPe4pJtq7689i5ydzvJJ
Chuck Berry,Chuck Berry,90,3/18/2017,12/6/2017,143,Run Rudolph Run - Single Version,237295,2pnPe4pJtq7689i5ydzvJJ
Chuck Berry,Chuck Berry,90,3/18/2017,12/5/2017,142,Run Rudolph Run - Single Version,242300,2pnPe4pJtq7689i5ydzvJJ
Chuck Berry,Chuck Berry,90,3/18/2017,12/4/2017,114,Run Rudolph Run - Single Version,264246,2pnPe4pJtq7689i5ydzvJJ
Chuck Berry,Chuck Berry,90,3/18/2017,12/3/2017,108,Run Rudolph Run - Single Version,259595,2pnPe4pJtq7689i5ydzvJJ
Chuck Berry,Chuck Berry,90,3/18/2017,12/2/2017,114,Run Rudolph Run - Single Version,259523,2pnPe4pJtq7689i5ydzvJJ
Chuck Berry,Chuck Berry,90,3/18/2017,12/1/2017,165,Run Rudolph Run - Single Version,225067,2pnPe4pJtq7689i5ydzvJJ
Chuck Berry,Chuck Berry,90,3/18/2017,11/30/2017,162,Run Rudolph Run - Single Version,211611,2pnPe4pJtq7689i5ydzvJJ
Chuck Berry,Chuck Berry,90,3/18/2017,11/29/2017,190,Run Rudolph Run - Single Version,191076,2pnPe4pJtq7689i5ydzvJJ
Chuck Berry,Chuck Berry,90,3/18/2017,11/28/2017,164,Run Rudolph Run - Single Version,204565,2pnPe4pJtq7689i5ydzvJJ
Chuck Berry,Chuck Berry,90,3/18/2017,11/27/2017,141,Run Rudolph Run - Single Version,215543,2pnPe4pJtq7689i5ydzvJJ
Chuck Berry,Chuck Berry,90,3/18/2017,11/26/2017,130,Run Rudolph Run - Single Version,213637,2pnPe4pJtq7689i5ydzvJJ
Chuck Berry,Chuck Berry,90,3/18/2017,11/25/2017,137,Run Rudolph Run - Single Version,197509,2pnPe4pJtq7689i5ydzvJJ
Chuck Berry,Chuck Berry,90,3/18/2017,11/24/2017,152,Run Rudolph Run - Single Version,177622,2pnPe4pJtq7689i5ydzvJJ
Chuck Berry,Chuck Berry,90,3/18/2017,3/19/2017,174,Johnny B. Goode,166987,3BUQFs6aFWh7EFNmI8bfL7
Soundgarden,Chris Cornell,52,5/17/2017,5/20/2017,125,Black Hole Sun,220480,2EoOZnxNgtmZaD8uUmz2nD
Soundgarden,Chris Cornell,52,5/17/2017,5/19/2017,70,Black Hole Sun,362137,2EoOZnxNgtmZaD8uUmz2nD
Soundgarden,Chris Cornell,52,5/17/2017,5/19/2017,184,Fell On Black Days,185183,1wlKw9NAWVWpx7OIAyg9EA
Soundgarden,Chris Cornell,52,5/17/2017,5/18/2017,46,Black Hole Sun,543814,2EoOZnxNgtmZaD8uUmz2nD
Soundgarden,Chris Cornell,52,5/17/2017,5/18/2017,99,Fell On Black Days,270681,1wlKw9NAWVWpx7OIAyg9EA
Soundgarden,Chris Cornell,52,5/17/2017,5/18/2017,105,Spoonman,260492,1jMaB19DiVR8OihLSuYFOt
Soundgarden,Chris Cornell,52,5/17/2017,5/18/2017,142,The Day I Tried To Live,217947,78YJJJH55MSyk7547100sW
Soundgarden,Chris Cornell,52,5/17/2017,5/18/2017,146,Rusty Cage,214917,6hqIXyo6GxydAnoI8XeIrV
Soundgarden,Chris Cornell,52,5/17/2017,5/18/2017,159,Outshined,200592,4VwPsMcRt1HPVKIdcwY9Uj
Soundgarden,Chris Cornell,52,5/17/2017,5/18/2017,197,Burden In My Hand,174902,1iArQTuOzxvrtniGmkyy92
Linkin Park,Chester Bennington,41,7/20/2017,8/10/2017,196,Heavy (feat. Kiiara),154496,104buTcnP2AsxqB7U1FIZ4
Linkin Park,Chester Bennington,41,7/20/2017,8/9/2017,194,Heavy (feat. Kiiara),157001,104buTcnP2AsxqB7U1FIZ4
Linkin Park,Chester Bennington,41,7/20/2017,8/8/2017,177,Heavy (feat. Kiiara),159426,104buTcnP2AsxqB7U1FIZ4
Linkin Park,Chester Bennington,41,7/20/2017,8/8/2017,195,In the End,153548,60a0Rd6pjrkxjPbaKzXjfq
Linkin Park,Chester Bennington,41,7/20/2017,8/7/2017,171,Heavy (feat. Kiiara),159308,104buTcnP2AsxqB7U1FIZ4
Linkin Park,Chester Bennington,41,7/20/2017,8/7/2017,197,In the End,147541,60a0Rd6pjrkxjPbaKzXjfq
Linkin Park,Chester Bennington,41,7/20/2017,8/6/2017,176,Heavy (feat. Kiiara),145749,104buTcnP2AsxqB7U1FIZ4
Linkin Park,Chester Bennington,41,7/20/2017,8/5/2017,174,Heavy (feat. Kiiara),162421,104buTcnP2AsxqB7U1FIZ4
Linkin Park,Chester Bennington,41,7/20/2017,8/5/2017,194,In the End,154238,60a0Rd6pjrkxjPbaKzXjfq
Linkin Park,Chester Bennington,41,7/20/2017,8/4/2017,165,Heavy (feat. Kiiara),181228,104buTcnP2AsxqB7U1FIZ4
Linkin Park,Chester Bennington,41,7/20/2017,8/4/2017,182,In the End,172223,60a0Rd6pjrkxjPbaKzXjfq
Linkin Park,Chester Bennington,41,7/20/2017,8/3/2017,151,Heavy (feat. Kiiara),182577,104buTcnP2AsxqB7U1FIZ4
Linkin Park,Chester Bennington,41,7/20/2017,8/3/2017,163,Numb,175529,2nLtzopw4rPReszdYBJU6h
Linkin Park,Chester Bennington,41,7/20/2017,8/3/2017,164,In the End,175085,60a0Rd6pjrkxjPbaKzXjfq
Linkin Park,Chester Bennington,41,7/20/2017,8/2/2017,146,Heavy (feat. Kiiara),185010,104buTcnP2AsxqB7U1FIZ4
Linkin Park,Chester Bennington,41,7/20/2017,8/2/2017,161,In the End,176394,60a0Rd6pjrkxjPbaKzXjfq
Linkin Park,Chester Bennington,41,7/20/2017,8/2/2017,172,Numb,166741,2nLtzopw4rPReszdYBJU6h
Linkin Park,Chester Bennington,41,7/20/2017,8/1/2017,132,Heavy (feat. Kiiara),195794,104buTcnP2AsxqB7U1FIZ4
Linkin Park,Chester Bennington,41,7/20/2017,8/1/2017,148,In the End,183997,60a0Rd6pjrkxjPbaKzXjfq
Linkin Park,Chester Bennington,41,7/20/2017,8/1/2017,164,Numb,170797,2nLtzopw4rPReszdYBJU6h
Linkin Park,Chester Bennington,41,7/20/2017,7/31/2017,129,Heavy (feat. Kiiara),198884,104buTcnP2AsxqB7U1FIZ4
Linkin Park,Chester Bennington,41,7/20/2017,7/31/2017,142,In the End,184649,60a0Rd6pjrkxjPbaKzXjfq
Linkin Park,Chester Bennington,41,7/20/2017,7/31/2017,158,Numb,176373,2nLtzopw4rPReszdYBJU6h
Linkin Park,Chester Bennington,41,7/20/2017,7/30/2017,127,Heavy (feat. Kiiara),183386,104buTcnP2AsxqB7U1FIZ4
Linkin Park,Chester Bennington,41,7/20/2017,7/30/2017,140,In the End,171009,60a0Rd6pjrkxjPbaKzXjfq
Linkin Park,Chester Bennington,41,7/20/2017,7/30/2017,150,Numb,161945,2nLtzopw4rPReszdYBJU6h
Linkin Park,Chester Bennington,41,7/20/2017,7/29/2017,118,Heavy (feat. Kiiara),213226,104buTcnP2AsxqB7U1FIZ4
Linkin Park,Chester Bennington,41,7/20/2017,7/29/2017,123,In the End,208261,60a0Rd6pjrkxjPbaKzXjfq
Linkin Park,Chester Bennington,41,7/20/2017,7/29/2017,132,Numb,192647,2nLtzopw4rPReszdYBJU6h
Linkin Park,Chester Bennington,41,7/20/2017,7/28/2017,98,In the End,265312,60a0Rd6pjrkxjPbaKzXjfq
Linkin Park,Chester Bennington,41,7/20/2017,7/28/2017,102,Heavy (feat. Kiiara),264370,104buTcnP2AsxqB7U1FIZ4
Linkin Park,Chester Bennington,41,7/20/2017,7/28/2017,107,Numb,246970,2nLtzopw4rPReszdYBJU6h
Linkin Park,Chester Bennington,41,7/20/2017,7/27/2017,83,Heavy (feat. Kiiara),277614,104buTcnP2AsxqB7U1FIZ4
Linkin Park,Chester Bennington,41,7/20/2017,7/27/2017,84,In the End,275832,60a0Rd6pjrkxjPbaKzXjfq
Linkin Park,Chester Bennington,41,7/20/2017,7/27/2017,100,Numb,243882,2nLtzopw4rPReszdYBJU6h
Linkin Park,Chester Bennington,41,7/20/2017,7/27/2017,197,What I\'ve Done,162104,4kfm1uI9QGaoN9qm6CkAMn
Linkin Park,Chester Bennington,41,7/20/2017,7/26/2017,72,Heavy (feat. Kiiara),309804,104buTcnP2AsxqB7U1FIZ4
Linkin Park,Chester Bennington,41,7/20/2017,7/26/2017,83,In the End,286978,60a0Rd6pjrkxjPbaKzXjfq
Linkin Park,Chester Bennington,41,7/20/2017,7/26/2017,94,Numb,261604,2nLtzopw4rPReszdYBJU6h
Linkin Park,Chester Bennington,41,7/20/2017,7/26/2017,180,What I\'ve Done,172832,4kfm1uI9QGaoN9qm6CkAMn
Linkin Park,Chester Bennington,41,7/20/2017,7/25/2017,54,Heavy (feat. Kiiara),364500,104buTcnP2AsxqB7U1FIZ4
Linkin Park,Chester Bennington,41,7/20/2017,7/25/2017,62,In the End,335263,60a0Rd6pjrkxjPbaKzXjfq
Linkin Park,Chester Bennington,41,7/20/2017,7/25/2017,81,Numb,295873,2nLtzopw4rPReszdYBJU6h
Linkin Park,Chester Bennington,41,7/20/2017,7/25/2017,146,What I\'ve Done,196930,4kfm1uI9QGaoN9qm6CkAMn
Linkin Park,Chester Bennington,41,7/20/2017,7/25/2017,177,One More Light,176377,3xXBsjrbG1xQIm1xv1cKOt
Linkin Park,Chester Bennington,41,7/20/2017,7/24/2017,50,Heavy (feat. Kiiara),384329,104buTcnP2AsxqB7U1FIZ4
Linkin Park,Chester Bennington,41,7/20/2017,7/24/2017,53,In the End,373654,60a0Rd6pjrkxjPbaKzXjfq
Linkin Park,Chester Bennington,41,7/20/2017,7/24/2017,60,Numb,331838,2nLtzopw4rPReszdYBJU6h
Linkin Park,Chester Bennington,41,7/20/2017,7/24/2017,124,What I\'ve Done,213598,4kfm1uI9QGaoN9qm6CkAMn
Linkin Park,Chester Bennington,41,7/20/2017,7/24/2017,163,One More Light,183763,3xXBsjrbG1xQIm1xv1cKOt
Linkin Park,Chester Bennington,41,7/20/2017,7/24/2017,190,One Step Closer,168197,3K4HG9evC7dg3N0R9cYqk4
Linkin Park,Chester Bennington,41,7/20/2017,7/23/2017,49,In the End,385090,60a0Rd6pjrkxjPbaKzXjfq
Linkin Park,Chester Bennington,41,7/20/2017,7/23/2017,50,Heavy (feat. Kiiara),363192,104buTcnP2AsxqB7U1FIZ4
Linkin Park,Chester Bennington,41,7/20/2017,7/23/2017,51,Numb,350593,2nLtzopw4rPReszdYBJU6h
Linkin Park,Chester Bennington,41,7/20/2017,7/23/2017,104,What I\'ve Done,224027,4kfm1uI9QGaoN9qm6CkAMn
Linkin Park,Chester Bennington,41,7/20/2017,7/23/2017,163,One Step Closer,168972,3K4HG9evC7dg3N0R9cYqk4
Linkin Park,Chester Bennington,41,7/20/2017,7/23/2017,185,One More Light,155015,3xXBsjrbG1xQIm1xv1cKOt
Linkin Park,Chester Bennington,41,7/20/2017,7/23/2017,196,Crawling,149848,57BrRMwf9LrcmuOsyGilwr
Linkin Park,Chester Bennington,41,7/20/2017,7/22/2017,30,In the End,546850,60a0Rd6pjrkxjPbaKzXjfq
Linkin Park,Chester Bennington,41,7/20/2017,7/22/2017,40,Numb,471600,2nLtzopw4rPReszdYBJU6h
Linkin Park,Chester Bennington,41,7/20/2017,7/22/2017,44,Heavy (feat. Kiiara),457372,104buTcnP2AsxqB7U1FIZ4
Linkin Park,Chester Bennington,41,7/20/2017,7/22/2017,65,What I\'ve Done,328412,4kfm1uI9QGaoN9qm6CkAMn
Linkin Park,Chester Bennington,41,7/20/2017,7/22/2017,105,One Step Closer,258583,3K4HG9evC7dg3N0R9cYqk4
Linkin Park,Chester Bennington,41,7/20/2017,7/22/2017,129,Crawling,226178,57BrRMwf9LrcmuOsyGilwr
Linkin Park,Chester Bennington,41,7/20/2017,7/22/2017,145,One More Light,208248,3xXBsjrbG1xQIm1xv1cKOt
Linkin Park,Chester Bennington,41,7/20/2017,7/22/2017,149,Bleed It Out,207097,3qmvK8QARSPkFTuKeIXSbs
Linkin Park,Chester Bennington,41,7/20/2017,7/22/2017,151,Faint,204829,4Yf5bqU3NK4kNOypcrLYwU
Linkin Park,Chester Bennington,41,7/20/2017,7/22/2017,153,Somewhere I Belong,202077,3agtg0x11wPvLIWkYR39nZ
Linkin Park,Chester Bennington,41,7/20/2017,7/22/2017,161,Papercut,195947,1Vej0qeQ3ioKwpI6FUbRv1
Linkin Park,Chester Bennington,41,7/20/2017,7/22/2017,167,Good Goodbye (feat. Pusha T and Stormzy),188185,650OeHTLxZAQmb4aEbGmaA
Linkin Park,Chester Bennington,41,7/20/2017,7/22/2017,177,Breaking the Habit,181427,6n8TMVyFKoUmDc4apxceRD
Linkin Park,Chester Bennington,41,7/20/2017,7/22/2017,181,Battle Symphony,178949,3FQCJI2t5LTbsRPfYVBSVB
Linkin Park,Chester Bennington,41,7/20/2017,7/21/2017,8,In the End,934398,60a0Rd6pjrkxjPbaKzXjfq
Linkin Park,Chester Bennington,41,7/20/2017,7/21/2017,13,Numb,796238,2nLtzopw4rPReszdYBJU6h
Linkin Park,Chester Bennington,41,7/20/2017,7/21/2017,18,Heavy (feat. Kiiara),721955,104buTcnP2AsxqB7U1FIZ4
Linkin Park,Chester Bennington,41,7/20/2017,7/21/2017,34,What I\'ve Done,567630,4kfm1uI9QGaoN9qm6CkAMn
Linkin Park,Chester Bennington,41,7/20/2017,7/21/2017,49,One Step Closer,489178,3K4HG9evC7dg3N0R9cYqk4
Linkin Park,Chester Bennington,41,7/20/2017,7/21/2017,59,Crawling,448309,57BrRMwf9LrcmuOsyGilwr
Linkin Park,Chester Bennington,41,7/20/2017,7/21/2017,64,Faint,421695,4Yf5bqU3NK4kNOypcrLYwU
Linkin Park,Chester Bennington,41,7/20/2017,7/21/2017,66,Papercut,413017,1Vej0qeQ3ioKwpI6FUbRv1
Linkin Park,Chester Bennington,41,7/20/2017,7/21/2017,67,Somewhere I Belong,412462,3agtg0x11wPvLIWkYR39nZ
Linkin Park,Chester Bennington,41,7/20/2017,7/21/2017,71,Bleed It Out,390395,3qmvK8QARSPkFTuKeIXSbs
Linkin Park,Chester Bennington,41,7/20/2017,7/21/2017,74,One More Light,378918,3xXBsjrbG1xQIm1xv1cKOt
Linkin Park,Chester Bennington,41,7/20/2017,7/21/2017,77,Good Goodbye (feat. Pusha T and Stormzy),363694,650OeHTLxZAQmb4aEbGmaA
Linkin Park,Chester Bennington,41,7/20/2017,7/21/2017,80,Battle Symphony,351355,3FQCJI2t5LTbsRPfYVBSVB
Linkin Park,Chester Bennington,41,7/20/2017,7/21/2017,85,Breaking the Habit,344444,6n8TMVyFKoUmDc4apxceRD
Linkin Park,Chester Bennington,41,7/20/2017,7/21/2017,101,Leave Out All The Rest,321479,1yFiaFeSLpw4nDYTeErRZ6
Linkin Park,Chester Bennington,41,7/20/2017,7/21/2017,105,BURN IT DOWN,314406,7oVEtyuv9NBmnytsCIsY5I
Linkin Park,Chester Bennington,41,7/20/2017,7/21/2017,120,Nobody Can Save Me,282439,3dJj6o9o1fRgrojWjailuz
Linkin Park,Chester Bennington,41,7/20/2017,7/21/2017,122,A Place for My Head,275008,5rAxhWcgFng3s570sGO2F8
Linkin Park,Chester Bennington,41,7/20/2017,7/21/2017,123,Talking to Myself,274262,7nAfXgeHfDO50upcOjJOaq
Linkin Park,Chester Bennington,41,7/20/2017,7/21/2017,128,Points of Authority,269994,5egqKwgK5r5rvGD1LrtR7J
Linkin Park,Chester Bennington,41,7/20/2017,7/21/2017,137,Shadow of the Day,258981,2zjEMw9kkROEbAxIXk6Ivp
Linkin Park,Chester Bennington,41,7/20/2017,7/21/2017,139,Lying from You,255550,3BmjRmFTESgWZLPSVGp8aG
Linkin Park,Chester Bennington,41,7/20/2017,7/21/2017,142,Runaway,251499,6xtQ23d8GEXgcxyUKPtwc5
Linkin Park,Chester Bennington,41,7/20/2017,7/21/2017,156,From the Inside,236390,60IkVf7UfQXmt5CwkpcX8a
Linkin Park,Chester Bennington,41,7/20/2017,7/21/2017,163,Sorry for Now,229682,34isqXjbTstbYwl2MfdzDq
Linkin Park,Chester Bennington,41,7/20/2017,7/21/2017,168,Invisible,222346,6OocN63GLU7NF0wHdewhID
Linkin Park,Chester Bennington,41,7/20/2017,7/21/2017,181,Don\'t Stay,211244,27gUeiai56GKF6TxvmPJut
Linkin Park,Chester Bennington,41,7/20/2017,7/21/2017,182,My December,210841,0fxGA5lxrdYNYoE7yJxTNZ
Linkin Park,Chester Bennington,41,7/20/2017,7/20/2017,44,In the End,462812,60a0Rd6pjrkxjPbaKzXjfq
Linkin Park,Chester Bennington,41,7/20/2017,7/20/2017,52,Numb,395771,2nLtzopw4rPReszdYBJU6h
Linkin Park,Chester Bennington,41,7/20/2017,7/20/2017,57,Heavy (feat. Kiiara),345617,104buTcnP2AsxqB7U1FIZ4
Linkin Park,Chester Bennington,41,7/20/2017,7/20/2017,91,What I\'ve Done,258134,4kfm1uI9QGaoN9qm6CkAMn
Linkin Park,Chester Bennington,41,7/20/2017,7/20/2017,102,One Step Closer,238403,3K4HG9evC7dg3N0R9cYqk4
Linkin Park,Chester Bennington,41,7/20/2017,7/20/2017,121,Papercut,210081,1Vej0qeQ3ioKwpI6FUbRv1
Linkin Park,Chester Bennington,41,7/20/2017,7/20/2017,126,Crawling,205676,57BrRMwf9LrcmuOsyGilwr
Linkin Park,Chester Bennington,41,7/20/2017,7/20/2017,144,Somewhere I Belong,188444,3agtg0x11wPvLIWkYR39nZ
Linkin Park,Chester Bennington,41,7/20/2017,7/20/2017,170,Bleed It Out,172096,3qmvK8QARSPkFTuKeIXSbs
Linkin Park,Chester Bennington,41,7/20/2017,7/20/2017,190,Faint,163222,4Yf5bqU3NK4kNOypcrLYwU
Linkin Park,Chester Bennington,41,7/20/2017,5/24/2017,199,Heavy (feat. Kiiara),167516,104buTcnP2AsxqB7U1FIZ4
Linkin Park,Chester Bennington,41,7/20/2017,5/23/2017,181,Heavy (feat. Kiiara),174931,104buTcnP2AsxqB7U1FIZ4
Linkin Park,Chester Bennington,41,7/20/2017,5/22/2017,171,Heavy (feat. Kiiara),177940,104buTcnP2AsxqB7U1FIZ4
Linkin Park,Chester Bennington,41,7/20/2017,5/21/2017,186,Heavy (feat. Kiiara),156183,104buTcnP2AsxqB7U1FIZ4
Linkin Park,Chester Bennington,41,7/20/2017,5/20/2017,175,Heavy (feat. Kiiara),177121,104buTcnP2AsxqB7U1FIZ4
Linkin Park,Chester Bennington,41,7/20/2017,5/19/2017,139,Sorry for Now,228822,34isqXjbTstbYwl2MfdzDq
Linkin Park,Chester Bennington,41,7/20/2017,5/19/2017,157,Heavy (feat. Kiiara),208322,104buTcnP2AsxqB7U1FIZ4
Linkin Park,Chester Bennington,41,7/20/2017,3/17/2017,189,Battle Symphony,172467,3FQCJI2t5LTbsRPfYVBSVB
Linkin Park,Chester Bennington,41,7/20/2017,2/27/2017,170,Heavy (feat. Kiiara),174171,104buTcnP2AsxqB7U1FIZ4
Linkin Park,Chester Bennington,41,7/20/2017,2/23/2017,170,Heavy (feat. Kiiara),186231,104buTcnP2AsxqB7U1FIZ4
Linkin Park,Chester Bennington,41,7/20/2017,2/22/2017,164,Heavy (feat. Kiiara),189565,104buTcnP2AsxqB7U1FIZ4
Linkin Park,Chester Bennington,41,7/20/2017,2/21/2017,167,Heavy (feat. Kiiara),184036,104buTcnP2AsxqB7U1FIZ4
Linkin Park,Chester Bennington,41,7/20/2017,2/20/2017,149,Heavy (feat. Kiiara),194853,104buTcnP2AsxqB7U1FIZ4
Linkin Park,Chester Bennington,41,7/20/2017,2/18/2017,170,Heavy (feat. Kiiara),188088,104buTcnP2AsxqB7U1FIZ4
Linkin Park,Chester Bennington,41,7/20/2017,2/17/2017,86,Heavy (feat. Kiiara),320749,104buTcnP2AsxqB7U1FIZ4
Tom Petty,Tom Petty,66,10/2/2017,10/9/2017,169,Free Fallin\',188085,5tVA6TkbaAH9QMITTQRrNv
Tom Petty,Tom Petty,66,10/2/2017,10/9/2017,182,I Won\'t Back Down,179107,7gSQv1OHpkIoAdUiRLdmI6
Tom Petty,Tom Petty,66,10/2/2017,10/8/2017,149,Free Fallin\',188141,5tVA6TkbaAH9QMITTQRrNv
Tom Petty,Tom Petty,66,10/2/2017,10/8/2017,171,I Won\'t Back Down,173357,7gSQv1OHpkIoAdUiRLdmI6
Tom Petty,Tom Petty,66,10/2/2017,10/7/2017,144,Free Fallin\',214991,5tVA6TkbaAH9QMITTQRrNv
Tom Petty,Tom Petty,66,10/2/2017,10/6/2017,166,Free Fallin\',225586,5tVA6TkbaAH9QMITTQRrNv
Tom Petty,Tom Petty,66,10/2/2017,10/5/2017,92,Free Fallin\',290278,5tVA6TkbaAH9QMITTQRrNv
Tom Petty,Tom Petty,66,10/2/2017,10/5/2017,139,I Won\'t Back Down,228796,7gSQv1OHpkIoAdUiRLdmI6
Tom Petty,Tom Petty,66,10/2/2017,10/5/2017,158,American Girl,213855,7MRyJPksH3G2cXHN8UKYzP
Tom Petty,Tom Petty,66,10/2/2017,10/5/2017,181,Mary Jane\'s Last Dance,194253,5xS9hkTGfxqXyxX6wWWTt4
Tom Petty,Tom Petty,66,10/2/2017,10/4/2017,52,Free Fallin\',414151,5tVA6TkbaAH9QMITTQRrNv
Tom Petty,Tom Petty,66,10/2/2017,10/4/2017,82,American Girl,319252,7MRyJPksH3G2cXHN8UKYzP
Tom Petty,Tom Petty,66,10/2/2017,10/4/2017,84,I Won\'t Back Down,315013,7gSQv1OHpkIoAdUiRLdmI6
Tom Petty,Tom Petty,66,10/2/2017,10/4/2017,91,Runnin\' Down A Dream,300967,6rdEEYHsLavlklAypD5cre
Tom Petty,Tom Petty,66,10/2/2017,10/4/2017,95,Mary Jane\'s Last Dance,298874,5xS9hkTGfxqXyxX6wWWTt4
Tom Petty,Tom Petty,66,10/2/2017,10/4/2017,121,Learning To Fly,246242,17S4XrLvF5jlGvGCJHgF51
Tom Petty,Tom Petty,66,10/2/2017,10/4/2017,127,Breakdown,239888,5x53pbGk6sbl1BGom19QQ5
Tom Petty,Tom Petty,66,10/2/2017,10/4/2017,148,You Don\'t Know How It Feels,223049,7MooGz4ZPE4bNxjFegR6Jx
Tom Petty,Tom Petty,66,10/2/2017,10/4/2017,171,Wildflowers,203928,2Pr1nZpt8A8WP7QYpyq6L3
Tom Petty,Tom Petty,66,10/2/2017,10/4/2017,196,Don\'t Do Me Like That,189155,5AzpZ5ADn1AFPxcEBd2Ugf
Tom Petty,Tom Petty,66,10/2/2017,10/4/2017,197,You Wreck Me,188959,0YkbYk24ODhuewb79zZZzM
Tom Petty,Tom Petty,66,10/2/2017,10/3/2017,16,Free Fallin\',725624,5tVA6TkbaAH9QMITTQRrNv
Tom Petty,Tom Petty,66,10/2/2017,10/3/2017,22,American Girl,631124,7MRyJPksH3G2cXHN8UKYzP
Tom Petty,Tom Petty,66,10/2/2017,10/3/2017,28,Runnin\' Down A Dream,608428,6rdEEYHsLavlklAypD5cre
Tom Petty,Tom Petty,66,10/2/2017,10/3/2017,36,I Won\'t Back Down,561105,7gSQv1OHpkIoAdUiRLdmI6
Tom Petty,Tom Petty,66,10/2/2017,10/3/2017,41,Mary Jane\'s Last Dance,516388,5xS9hkTGfxqXyxX6wWWTt4
Tom Petty,Tom Petty,66,10/2/2017,10/3/2017,45,Breakdown,499773,5x53pbGk6sbl1BGom19QQ5
Tom Petty,Tom Petty,66,10/2/2017,10/3/2017,46,Learning To Fly,491541,17S4XrLvF5jlGvGCJHgF51
Tom Petty,Tom Petty,66,10/2/2017,10/3/2017,55,You Don\'t Know How It Feels,435188,7MooGz4ZPE4bNxjFegR6Jx
Tom Petty,Tom Petty,66,10/2/2017,10/3/2017,59,You Wreck Me,420828,0YkbYk24ODhuewb79zZZzM
Tom Petty,Tom Petty,66,10/2/2017,10/3/2017,63,Don\'t Do Me Like That,407929,5AzpZ5ADn1AFPxcEBd2Ugf
Tom Petty,Tom Petty,66,10/2/2017,10/3/2017,64,Wildflowers,403826,2Pr1nZpt8A8WP7QYpyq6L3
Tom Petty,Tom Petty,66,10/2/2017,10/3/2017,65,Refugee,403155,4mcZYzoGwPRDdhWVlygiHf
Tom Petty,Tom Petty,66,10/2/2017,10/3/2017,85,Listen to Her Heart,339523,2iW5uc25ziGLlNMqdhFJad
Tom Petty,Tom Petty,66,10/2/2017,10/3/2017,86,Time To Move On,338190,20dt11ZTAtjsfcNJLP9u30
Tom Petty,Tom Petty,66,10/2/2017,10/3/2017,104,The Waiting,292894,4ZA0EXmjnZIYguEMf0Mc88
Tom Petty,Tom Petty,66,10/2/2017,10/3/2017,108,Here Comes My Girl,289798,685sEpLJe80Zzuxz3siOVT
Tom Petty,Tom Petty,66,10/2/2017,10/3/2017,118,I Need To Know,270533,6s4OFjoMBQe0FySAebGofG
Tom Petty,Tom Petty,66,10/2/2017,10/3/2017,123,Into The Great Wide Open,260643,63xBnyUVKIupzjHno4wFs3
Tom Petty,Tom Petty,66,10/2/2017,10/3/2017,127,Anything That\'s Rock \'n\' Roll,250854,2AX3BnBmNwR2lHZhkKvmXJ
Tom Petty,Tom Petty,66,10/2/2017,10/3/2017,135,Don\'t Come Around Here No More,238799,3BSoskNONnjn05yRO2tYFX
Tom Petty,Tom Petty,66,10/2/2017,10/3/2017,140,Even The Losers,235171,7hZsWfJ06UxsIz9mo6NexI
Tom Petty,Tom Petty,66,10/2/2017,10/3/2017,145,It\'s Good To Be King,232905,1c0flvMImhKMuiZIc0VzEb
Tom Petty,Tom Petty,66,10/2/2017,10/3/2017,154,You Got Lucky,226008,5eMZ3EPIMGoWlrrVhxatdv
Tom Petty,Tom Petty,66,10/2/2017,10/2/2017,92,Free Fallin\',274788,5tVA6TkbaAH9QMITTQRrNv
Tom Petty,Tom Petty,66,10/2/2017,10/2/2017,110,American Girl,243520,7MRyJPksH3G2cXHN8UKYzP
Tom Petty,Tom Petty,66,10/2/2017,10/2/2017,129,Runnin\' Down A Dream,225071,6rdEEYHsLavlklAypD5cre
Tom Petty,Tom Petty,66,10/2/2017,10/2/2017,163,Mary Jane\'s Last Dance,198384,5xS9hkTGfxqXyxX6wWWTt4
Tom Petty,Tom Petty,66,10/2/2017,10/2/2017,168,I Won\'t Back Down,192562,7gSQv1OHpkIoAdUiRLdmI6
Tom Petty,Tom Petty,66,10/2/2017,10/2/2017,194,Breakdown,178317,5x53pbGk6sbl1BGom19QQ5
Lil Peep,Lil Peep,21,11/17/2017,12/21/2017,164,Save That Shit,232566,6sn8WaooLLVhQvU96wtEAm
Lil Peep,Lil Peep,21,11/17/2017,12/20/2017,145,Save That Shit,242199,6sn8WaooLLVhQvU96wtEAm
Lil Peep,Lil Peep,21,11/17/2017,12/19/2017,163,Save That Shit,228223,6sn8WaooLLVhQvU96wtEAm
Lil Peep,Lil Peep,21,11/17/2017,12/18/2017,170,Save That Shit,218929,6sn8WaooLLVhQvU96wtEAm
Lil Peep,Lil Peep,21,11/17/2017,12/17/2017,193,Save That Shit,188342,6sn8WaooLLVhQvU96wtEAm
Lil Peep,Lil Peep,21,11/17/2017,12/16/2017,198,Save That Shit,203573,6sn8WaooLLVhQvU96wtEAm
Lil Peep,Lil Peep,21,11/17/2017,12/15/2017,187,Save That Shit,225088,6sn8WaooLLVhQvU96wtEAm
Lil Peep,Lil Peep,21,11/17/2017,12/14/2017,153,Save That Shit,234450,6sn8WaooLLVhQvU96wtEAm
Lil Peep,Lil Peep,21,11/17/2017,12/13/2017,142,Save That Shit,241512,6sn8WaooLLVhQvU96wtEAm
Lil Peep,Lil Peep,21,11/17/2017,12/12/2017,138,Save That Shit,245357,6sn8WaooLLVhQvU96wtEAm
Lil Peep,Lil Peep,21,11/17/2017,12/11/2017,148,Save That Shit,225710,6sn8WaooLLVhQvU96wtEAm
Lil Peep,Lil Peep,21,11/17/2017,12/10/2017,171,Save That Shit,196819,6sn8WaooLLVhQvU96wtEAm
Lil Peep,Lil Peep,21,11/17/2017,12/9/2017,196,Save That Shit,202579,6sn8WaooLLVhQvU96wtEAm
Lil Peep,Lil Peep,21,11/17/2017,12/8/2017,169,Save That Shit,233428,6sn8WaooLLVhQvU96wtEAm
Lil Peep,Lil Peep,21,11/17/2017,12/7/2017,147,Save That Shit,244737,6sn8WaooLLVhQvU96wtEAm
Lil Peep,Lil Peep,21,11/17/2017,12/6/2017,134,Save That Shit,250508,6sn8WaooLLVhQvU96wtEAm
Lil Peep,Lil Peep,21,11/17/2017,12/5/2017,119,Save That Shit,263299,6sn8WaooLLVhQvU96wtEAm
Lil Peep,Lil Peep,21,11/17/2017,12/4/2017,118,Save That Shit,262261,6sn8WaooLLVhQvU96wtEAm
Lil Peep,Lil Peep,21,11/17/2017,12/3/2017,133,Save That Shit,220056,6sn8WaooLLVhQvU96wtEAm
Lil Peep,Lil Peep,21,11/17/2017,12/2/2017,149,Save That Shit,226939,6sn8WaooLLVhQvU96wtEAm
Lil Peep,Lil Peep,21,11/17/2017,12/1/2017,127,Save That Shit,260431,6sn8WaooLLVhQvU96wtEAm
Lil Peep,Lil Peep,21,11/17/2017,11/30/2017,109,Save That Shit,253663,6sn8WaooLLVhQvU96wtEAm
Lil Peep,Lil Peep,21,11/17/2017,11/29/2017,148,Save That Shit,214772,6sn8WaooLLVhQvU96wtEAm
Lil Peep,Lil Peep,21,11/17/2017,11/28/2017,161,Save That Shit,205067,6sn8WaooLLVhQvU96wtEAm
Lil Peep,Lil Peep,21,11/17/2017,11/27/2017,144,Save That Shit,213252,6sn8WaooLLVhQvU96wtEAm
Lil Peep,Lil Peep,21,11/17/2017,11/26/2017,178,Save That Shit,177247,6sn8WaooLLVhQvU96wtEAm
Lil Peep,Lil Peep,21,11/17/2017,11/25/2017,166,Save That Shit,180830,6sn8WaooLLVhQvU96wtEAm
Lil Peep,Lil Peep,21,11/17/2017,11/24/2017,136,Save That Shit,189885,6sn8WaooLLVhQvU96wtEAm
Lil Peep,Lil Peep,21,11/17/2017,11/23/2017,125,Save That Shit,215199,6sn8WaooLLVhQvU96wtEAm
Lil Peep,Lil Peep,21,11/17/2017,11/23/2017,190,Benz Truck - \xd0\xb3\xd0\xb5\xd0\xbb\xd0\xb8\xd0\xba,173938,22fRl49GSpRdu3J2EPj1i6
Lil Peep,Lil Peep,21,11/17/2017,11/22/2017,111,Save That Shit,264218,6sn8WaooLLVhQvU96wtEAm
Lil Peep,Lil Peep,21,11/17/2017,11/22/2017,164,Benz Truck - \xd0\xb3\xd0\xb5\xd0\xbb\xd0\xb8\xd0\xba,212162,22fRl49GSpRdu3J2EPj1i6
Lil Peep,Lil Peep,21,11/17/2017,11/22/2017,193,Awful Things,194695,0bcEHhsuLRDm712CQHomdm
Lil Peep,Lil Peep,21,11/17/2017,11/21/2017,85,Save That Shit,292351,6sn8WaooLLVhQvU96wtEAm
Lil Peep,Lil Peep,21,11/17/2017,11/21/2017,128,Benz Truck - \xd0\xb3\xd0\xb5\xd0\xbb\xd0\xb8\xd0\xba,230534,22fRl49GSpRdu3J2EPj1i6
Lil Peep,Lil Peep,21,11/17/2017,11/21/2017,157,Awful Things,212943,0bcEHhsuLRDm712CQHomdm
Lil Peep,Lil Peep,21,11/17/2017,11/20/2017,69,Save That Shit,313988,6sn8WaooLLVhQvU96wtEAm
Lil Peep,Lil Peep,21,11/17/2017,11/20/2017,106,Benz Truck - \xd0\xb3\xd0\xb5\xd0\xbb\xd0\xb8\xd0\xba,247917,22fRl49GSpRdu3J2EPj1i6
Lil Peep,Lil Peep,21,11/17/2017,11/20/2017,119,Awful Things,230536,0bcEHhsuLRDm712CQHomdm
Lil Peep,Lil Peep,21,11/17/2017,11/19/2017,61,Save That Shit,304493,6sn8WaooLLVhQvU96wtEAm
Lil Peep,Lil Peep,21,11/17/2017,11/19/2017,104,Benz Truck - \xd0\xb3\xd0\xb5\xd0\xbb\xd0\xb8\xd0\xba,229005,22fRl49GSpRdu3J2EPj1i6
Lil Peep,Lil Peep,21,11/17/2017,11/19/2017,120,Awful Things,209380,0bcEHhsuLRDm712CQHomdm
Lil Peep,Lil Peep,21,11/17/2017,11/18/2017,51,Save That Shit,395970,6sn8WaooLLVhQvU96wtEAm
Lil Peep,Lil Peep,21,11/17/2017,11/18/2017,88,Benz Truck - \xd0\xb3\xd0\xb5\xd0\xbb\xd0\xb8\xd0\xba,270998,22fRl49GSpRdu3J2EPj1i6
Lil Peep,Lil Peep,21,11/17/2017,11/18/2017,112,Awful Things,243208,0bcEHhsuLRDm712CQHomdm
Lil Peep,Lil Peep,21,11/17/2017,11/18/2017,194,Beamer Boy,180796,7hf89cT5FEmLV5E9fjrjG7
Lil Peep,Lil Peep,21,11/17/2017,11/17/2017,34,Save That Shit,559551,6sn8WaooLLVhQvU96wtEAm
Lil Peep,Lil Peep,21,11/17/2017,11/17/2017,53,Benz Truck - \xd0\xb3\xd0\xb5\xd0\xbb\xd0\xb8\xd0\xba,389841,22fRl49GSpRdu3J2EPj1i6
Lil Peep,Lil Peep,21,11/17/2017,11/17/2017,73,Awful Things,336258,0bcEHhsuLRDm712CQHomdm
Lil Peep,Lil Peep,21,11/17/2017,11/17/2017,129,U Said,244484,44Gw1IvWT75LCsRn69YBN6
Lil Peep,Lil Peep,21,11/17/2017,11/17/2017,132,Beamer Boy,241383,7hf89cT5FEmLV5E9fjrjG7
Lil Peep,Lil Peep,21,11/17/2017,11/17/2017,167,The Brightside,213248,78lnjdOMEO3dJuHRy9nDJL
Lil Peep,Lil Peep,21,11/17/2017,11/17/2017,176,Better Off - Dying,210121,4lnqTcdVROEbWcYenOhgTa
Lil Peep,Lil Peep,21,11/17/2017,11/16/2017,50,Save That Shit,438256,6sn8WaooLLVhQvU96wtEAm
Lil Peep,Lil Peep,21,11/17/2017,11/16/2017,65,Benz Truck - \xd0\xb3\xd0\xb5\xd0\xbb\xd0\xb8\xd0\xba,334488,22fRl49GSpRdu3J2EPj1i6
Lil Peep,Lil Peep,21,11/17/2017,11/16/2017,88,Awful Things,289695,0bcEHhsuLRDm712CQHomdm
Lil Peep,Lil Peep,21,11/17/2017,11/16/2017,165,U Said,203186,44Gw1IvWT75LCsRn69YBN6
Lil Peep,Lil Peep,21,11/17/2017,11/16/2017,186,Beamer Boy,191092,7hf89cT5FEmLV5E9fjrjG7
Lil Peep,Lil Peep,21,11/17/2017,11/16/2017,195,The Brightside,183954,78lnjdOMEO3dJuHRy9nDJL
AC/DC,Malcolm Young,64,11/18/2017,10/31/2017,76,Highway to Hell,343613,2zYzyRzz6pRmhPzyfMEC8s
AC/DC,Malcolm Young,64,11/18/2017,1/1/2017,135,You Shook Me All Night Long,178791,2SiXAy7TuUkycRVbbWDEpo
